models,AIC,BIC
MLR 1,735915.3072014529,735969.3933478845
MLR 2 (with 5 dummy nationalities),735585.6790335604,735684.836968685
MLR 3 (with some additional vars),735574.7492477413,735709.9646138203
